ID	OriginalSequenceID	OriginalSampleID	OriginalHostSpecimenID	ExternalIDs	CollectionDate	Country	State	City	PathogenFamily	PathogenGenus	PathogenSpecies	SampleType	SequenceTechnology	DepthOfCoverage	SequenceInstrument	HostFamily	HostGenus	HostSpecies	HostHealthState	HostHealthOutcome	HostSignsAndSymptoms	HostSex	HostAge	HostStatus	HostDisease	HostTravelHistory	SubmissionDate	OriginalLaboratoryName	OriginalLaboratoryAddress	SubmissionLaboratoryName	SubmissionLaboratoryAddress	AuthorAffiliations	Authors	Detail	DataSource	DataUse	Segment	Clade	TargetGene	GenomeQuality	TargetRegionsQuality	TargetGeneQuality	CodingDNASequenceCoverageQuality	MissingDataQuality	PrivateMutationsQuality	MixedSitesQuality	SingleNucleotidePolymorphismsClustersQuality	FrameShiftsQuality	StopCodonsQuality	Coverage	CodingDNASequenceCoverage	QualityOverallStatus	NucleotideSubstitutions	NucleotideDeletions	NucleotideInsertions	FrameShifts	AminoacidSubstitutions	AminoacidDeletions	AminoacidInsertions	TotalSubstitutions	TotalDeletions	TotalInsertions	TotalFrameShifts	TotalMissing	TotalNonACGTNs	TotalAminoacidSubstitutions	TotalAminoacidDeletions	TotalAminoacidInsertions	TotalUnknownAminoacids	PrivateNucleotideMutationsTotalReversionSubstitutions	PrivateNucleotideMutationsTotalPrivateSubstitutions	MissingDataStatus	SingleNucleotidePolymorphismsClustersStatus	FrameShiftsStatus	StopCodonsStatus	Dataset	DatasetVersion
ITpS_gHN_001As_004	315_SW_S_4	315_SW	315_SW	"[{""id"":""ITpS_gHN_001As_004"",""database"":""locus"",""submission_date"":""2025-11-06""}]"	2025-06-04	Brazil	Amazonas	Manaus	Orthomyxoviridae	Alphainfluenzavirus	Alphainfluenzavirus influenzae	NPswab	Illumina	20.0	NextSeq 1000	Hominidae	Homo	Homo sapiens							Not Informed		2025-11-06	Fundação de Medicina Tropical Dr. Heitor Vieira Dourado	Av. Pedro Teixeira, s/n - Dom Pedro, Manaus - AM, 69040-000	Departamento de Ensino e Pesquisa - DENPE	Av. Pedro Teixeira, 25 - Dom Pedro, Manaus - AM, 69040-000 - Prédio UPCCB - 3 andar		Wuelton M. Monteiro.  Maria P. G. Mourão, Felipe G. L. Murta, Joabi R. Nascimento, Jady S. M. Cordeiro	[]		restricted	HA	6B.1A.5a.2a	HA1	A				A	A	A		A	A	1,0	"[{""\""SigPep\"""":0.0},{""\""HA1\"""":0.0},{""\""HA2\"""":0.0}]"	good	"[""A3G"",""A4G"",""C64T"",""G170A"",""A173G"",""A231C"",""C248A"",""T276C"",""G311A"",""T318C"",""G338T"",""A429G"",""G455T"",""C480T"",""A567G"",""A576C"",""T620C"",""G627A"",""C632T"",""C636G"",""A742C"",""T812C"",""G847A"",""A968G"",""A992G"",""A994G"",""T1023C"",""A1058G"",""T1199A"",""A1323G"",""T1347C"",""C1385T"",""C1442T"",""T1600C"",""C1601T"",""T1610C"",""T1611C"",""G1616A"",""A1646G"",""T1688C"",""C1739A""]"				"[""HA1:K54Q"",""HA1:S69P"",""HA1:S83P"",""HA1:T120A"",""HA1:P137S"",""HA1:I166V"",""HA1:K169Q"",""HA1:A186T"",""HA1:Q189E"",""HA1:E224A"",""HA1:R259K"",""HA1:K308R"",""HA2:I91V"",""HA2:I183T"",""SigPep:A15V""]"			41	0	0	0	0	0	15	0	0	0	0	8			good	good	nextstrain/flu/h1n1pdm/ha/MW626062	2025-09-09--12-13-13Z
ITpS_bCE_0019f_004	230_SW_S_4	230_SW	230_SW	"[{""id"":""ITpS_bCE_0019f_004"",""database"":""locus"",""submission_date"":""2025-10-07""}]"	2025-04-15	Brazil	Amazonas	Manaus	Orthomyxoviridae	Alphainfluenzavirus	Alphainfluenzavirus influenzae	NPswab	Illumina	45314.0	NextSeq 1000	Hominidae	Homo	Homo sapiens							Not Informed		2025-10-07	Fundação de Medicina Tropical Dr. Heitor Vieira Dourado	Av. Pedro Teixeira, s/n - Dom Pedro, Manaus - AM, 69040-000	Departamento de Ensino e Pesquisa - DENPE	Av. Pedro Teixeira, 25 - Dom Pedro, Manaus - AM, 69040-000 - Prédio UPCCB - 3 andar		Wuelton M. Monteiro.  Maria P. G. Mourão, Felipe G. L. Murta, Joabi R. Nascimento, Jady S. M. Cordeiro	[]		restricted	HA	6B.1A.5a.2a.1	HA1	A				A	A	A		A	A	1,0	"[{""\""SigPep\"""":0.0},{""\""HA1\"""":0.0},{""\""HA2\"""":0.0}]"	good	"[""A3G"",""A4G"",""G170A"",""G209A"",""A231C"",""C281A"",""A293G"",""A429G"",""C480T"",""A491G"",""A496G"",""A542G"",""T620C"",""G627A"",""C636G"",""A662G"",""A717G"",""A742C"",""A827G"",""G847A"",""T851A"",""G891A"",""A900G"",""C917T"",""G950A"",""A968G"",""A994G"",""T1005C"",""A1010G"",""A1106C"",""G1139T"",""G1145A"",""A1185G"",""T1199C"",""G1286A"",""T1347C"",""C1364T"",""A1422C"",""T1450C"",""A1556G"",""C1601T"",""G1616T"",""T1630C"",""G1728A"",""A1734T"",""C1752A""]"				"[""HA1:K54Q"",""HA1:T120A"",""HA1:P137S"",""HA1:K142R"",""HA1:A186T"",""HA1:Q189E"",""HA1:T216A"",""HA1:E224A"",""HA1:R259K"",""HA1:D260E"",""HA1:D274N"",""HA1:T277A"",""HA1:K308R"",""HA2:E29D"",""HA2:I45V"",""HA2:N124H"",""HA2:I133T"",""HA2:V193A""]"			46	0	0	0	0	0	18	0	0	0	0	4			good	good	nextstrain/flu/h1n1pdm/ha/MW626062	2025-09-09--12-13-13Z
ITpS_tNS_001Au_004	340_SW_S_4	340_SW	340_SW	"[{""id"":""ITpS_tNS_001Au_004"",""database"":""locus"",""submission_date"":""2025-11-06""}]"	2025-06-17	Brazil	Amazonas	Manaus	Orthomyxoviridae	Alphainfluenzavirus	Alphainfluenzavirus influenzae	NPswab	Illumina	26.0	NextSeq 1000	Hominidae	Homo	Homo sapiens							Not Informed		2025-11-06	Fundação de Medicina Tropical Dr. Heitor Vieira Dourado	Av. Pedro Teixeira, s/n - Dom Pedro, Manaus - AM, 69040-000	Departamento de Ensino e Pesquisa - DENPE	Av. Pedro Teixeira, 25 - Dom Pedro, Manaus - AM, 69040-000 - Prédio UPCCB - 3 andar		Wuelton M. Monteiro.  Maria P. G. Mourão, Felipe G. L. Murta, Joabi R. Nascimento, Jady S. M. Cordeiro	[]		restricted	HA	6B.1A.5a.2a.1	HA1	A				A	A	A		A	A	0,9658	"[{""\""SigPep\"""":0.0},{""\""HA1\"""":0.0},{""\""HA2\"""":0.0}]"	good	"[""G170A"",""G209A"",""A231C"",""C281A"",""A293G"",""A429G"",""C480T"",""A491G"",""A496G"",""A542G"",""G581A"",""T620C"",""G627A"",""C636G"",""A662G"",""A717G"",""A742C"",""A827G"",""G847A"",""T851A"",""G891A"",""A900G"",""C917T"",""G950A"",""A968G"",""A994G"",""T1005C"",""A1010G"",""A1106C"",""G1139T"",""G1145A"",""A1185G"",""T1199C"",""G1286A"",""T1347C"",""C1364T"",""A1422C"",""T1450C"",""A1556G"",""C1601T"",""G1616T"",""T1630C""]"				"[""HA1:K54Q"",""HA1:T120A"",""HA1:P137S"",""HA1:K142R"",""HA1:A186T"",""HA1:Q189E"",""HA1:T216A"",""HA1:E224A"",""HA1:R259K"",""HA1:D260E"",""HA1:D274N"",""HA1:T277A"",""HA1:K308R"",""HA2:E29D"",""HA2:I45V"",""HA2:N124H"",""HA2:I133T"",""HA2:V193A""]"			42	0	0	0	60	0	18	0	0	3	0	2			good	good	nextstrain/flu/h1n1pdm/ha/MW626062	2025-09-09--12-13-13Z
ITpS_gdD_001JS_004	82222_S_1_segment4	82222	82222	"[{""id"":""ITpS_gdD_001JS_004"",""database"":""locus"",""submission_date"":""2026-03-17""}]"	2025-11-17	Brazil	Rio de Janeiro	Rio de Janeiro	Orthomyxoviridae	Alphainfluenzavirus	Alphainfluenzavirus influenzae	NPSwab	Illumina	319.0	NextSeq 1000	Hominidae	Homo	Homo sapiens							FluA	No	2026-03-17	NEEDIER-UFRJ	Av. Carlos Chagas Filho, 791 - Quadra F - Cidade Universitária, Rio de Janeiro - RJ, 21941-599	Laboratório de Virologia Molecular	Av. Prof. Rodolpho Paulo Rocco s/n - Prédio do CCS - Bl. A – Sala A2-121		Francine B. Schiffler, Cinthia F. Valdez, Amilcar Tanuri, Carolina M. Voloch	[]		restricted	HA	6B.1A.5a.2a.1	HA1	B				A	C	A		A	A	0,9892	"[{""\""SigPep\"""":0.0},{""\""HA1\"""":0.0},{""\""HA2\"""":0.0}]"	good	"[""G170A"",""A231C"",""C281A"",""A293G"",""G409A"",""A429G"",""T446A"",""G471A"",""C480T"",""A491G"",""A496G"",""A542G"",""T620C"",""G627A"",""C636G"",""A662G"",""A717G"",""A742C"",""A827G"",""G847A"",""T851A"",""G891A"",""A900G"",""G950A"",""A968G"",""A994G"",""T1005C"",""A1010G"",""A1106C"",""G1139T"",""G1145A"",""A1185G"",""T1199C"",""G1286A"",""C1317T"",""A1323G"",""T1347C"",""C1364T"",""A1415G"",""A1422C"",""T1450C"",""A1556G"",""C1601T"",""G1616T"",""T1630C"",""G1728A"",""A1729C"",""T1730A"",""T1732C"",""A1740G""]"	"[""1738-1739""]"	"[""1727:AGC""]"		"[""HA1:K54Q"",""HA1:R113K"",""HA1:T120A"",""HA1:N125K"",""HA1:A134T"",""HA1:P137S"",""HA1:K142R"",""HA1:A186T"",""HA1:Q189E"",""HA1:T216A"",""HA1:E224A"",""HA1:R259K"",""HA1:D260E"",""HA1:D274N"",""HA1:T277A"",""HA1:K308R"",""HA2:E29D"",""HA2:I45V"",""HA2:I91V"",""HA2:N124H"",""HA2:I133T"",""HA2:V193A""]"			50	2	3	0	19	0	22	0	0	0	1	10			good	good	nextstrain/flu/h1n1pdm/ha/MW626062	2025-09-09--12-13-13Z
ITpS_EXj_0017c_004	79558_S_1_segment4	79558	79558	"[{""id"":""ITpS_EXj_0017c_004"",""database"":""locus"",""submission_date"":""2025-09-04""}]"	2024-02-29	Brazil	Rio de Janeiro	Rio de Janeiro	Orthomyxoviridae	Alphainfluenzavirus	Alphainfluenzavirus influenzae	NPswab	Illumina	8867.0	NextSeq 1000	Hominidae	Homo	Homo sapiens							Covid-19; FluA	no	2025-09-04	NEEDIER-UFRJ	Av. Carlos Chagas Filho, 791 - Quadra F - Cidade Universitária, Rio de Janeiro - RJ, 21941-608	Laboratório de Virologia Molecular	Av. Prof. Rodolpho Paulo Rocco s/n - Prédio do CCS - Bl. A – Sala A2-134		Francine B. Schiffler, Cinthia F. Valdez, Amilcar Tanuri, Carolina M. Voloch	[]		restricted	HA	6B.1A.5a.2a	HA1	A				A	A	A		A	A	0,9989	"[{""\""SigPep\"""":0.0},{""\""HA1\"""":0.0},{""\""HA2\"""":0.0}]"	good	"[""G170A"",""G221A"",""A231C"",""G311A"",""G338T"",""A429G"",""A576C"",""T620C"",""G627A"",""C636G"",""A742C"",""G779T"",""G847A"",""A968G"",""A992G"",""A994G"",""T1023C"",""C1164T"",""T1199C"",""A1323G"",""T1347C"",""C1385T"",""C1442T"",""C1601T"",""G1616A"",""A1646G"",""G1735T"",""C1752T""]"		"[""4:GC"",""1739:TA""]"		"[""HA1:K54Q"",""HA1:T120A"",""HA1:K169Q"",""HA1:A186T"",""HA1:Q189E"",""HA1:E224A"",""HA1:R259K"",""HA1:K308R"",""HA2:I91V""]"			28	0	4	0	0	0	9	0	0	0	1	3			good	good	nextstrain/flu/h1n1pdm/ha/MW626062	2025-09-09--12-13-13Z
ITpS_M3u_0017y_004	81759_S_1_segment4	81759	81759	"[{""id"":""ITpS_M3u_0017y_004"",""database"":""locus"",""submission_date"":""2025-09-23""}]"	2025-05-09	Brazil	Rio de Janeiro	Rio de Janeiro	Orthomyxoviridae	Alphainfluenzavirus	Alphainfluenzavirus influenzae	NPswab	Illumina	1032.0	NextSeq 1000	Hominidae	Homo	Homo sapiens							FluA		2025-09-23	NEEDIER-UFRJ	Av. Carlos Chagas Filho, 791 - Quadra F - Cidade Universitária, Rio de Janeiro - RJ, 21941-599	Laboratório de Virologia Molecular	Av. Prof. Rodolpho Paulo Rocco s/n - Prédio do CCS - Bl. A – Sala A2-123		Francine B. Schiffler, Cinthia F. Valdez, Amilcar Tanuri, Carolina M. Voloch	[]		restricted	HA	6B.1A.5a.2a.1	HA1	A				A	A	A		A	A	1,0	"[{""\""SigPep\"""":0.0},{""\""HA1\"""":0.0},{""\""HA2\"""":0.0}]"	good	"[""G170A"",""A206G"",""A231C"",""C281A"",""A293G"",""T318C"",""G409A"",""A429G"",""C480T"",""A491G"",""A496G"",""A542G"",""T620C"",""G627A"",""C636G"",""A662G"",""A717G"",""A742C"",""A827G"",""G847A"",""T851A"",""A900G"",""G950A"",""A968G"",""A994G"",""T1005C"",""A1010G"",""A1106C"",""G1139T"",""G1145A"",""A1185G"",""T1199C"",""G1259A"",""T1271C"",""G1286A"",""A1323G"",""T1347C"",""C1364T"",""A1422C"",""T1450C"",""A1556G"",""C1601T"",""G1616T"",""T1630C"",""C1673T"",""G1728A"",""A1734T""]"	"[""8-9""]"	"[""0:GG""]"		"[""HA1:K54Q"",""HA1:S83P"",""HA1:R113K"",""HA1:T120A"",""HA1:P137S"",""HA1:K142R"",""HA1:A186T"",""HA1:Q189E"",""HA1:T216A"",""HA1:E224A"",""HA1:R259K"",""HA1:D260E"",""HA1:T277A"",""HA1:K308R"",""HA2:E29D"",""HA2:I45V"",""HA2:I91V"",""HA2:N124H"",""HA2:I133T"",""HA2:V193A""]"			47	2	2	0	0	0	20	0	0	0	0	4			good	good	nextstrain/flu/h1n1pdm/ha/MW626062	2025-09-09--12-13-13Z
ITpS_bDj_0017z_004	81763_S_1_segment4	81763	81763	"[{""id"":""ITpS_bDj_0017z_004"",""database"":""locus"",""submission_date"":""2025-09-23""}]"	2025-05-12	Brazil	Rio de Janeiro	Rio de Janeiro	Orthomyxoviridae	Alphainfluenzavirus	Alphainfluenzavirus influenzae	NPswab	Illumina	16414.0	NextSeq 1000	Hominidae	Homo	Homo sapiens							FluA		2025-09-23	NEEDIER-UFRJ	Av. Carlos Chagas Filho, 791 - Quadra F - Cidade Universitária, Rio de Janeiro - RJ, 21941-599	Laboratório de Virologia Molecular	Av. Prof. Rodolpho Paulo Rocco s/n - Prédio do CCS - Bl. A – Sala A2-123		Francine B. Schiffler, Cinthia F. Valdez, Amilcar Tanuri, Carolina M. Voloch	[]		restricted	HA	6B.1A.5a.2a.1	HA1	A				A	A	A		A	A	1,0	"[{""\""SigPep\"""":0.0},{""\""HA1\"""":0.0},{""\""HA2\"""":0.0}]"	good	"[""A3G"",""A4G"",""G170A"",""G209A"",""A231C"",""C281A"",""T384C"",""A429G"",""C480T"",""A491G"",""A496G"",""A542G"",""C554T"",""T620C"",""G627A"",""C636G"",""A662G"",""A717G"",""A742C"",""A827G"",""G847A"",""T851A"",""A900G"",""G950A"",""A968G"",""A994G"",""T1005C"",""A1010G"",""A1106C"",""G1139T"",""G1145A"",""A1185G"",""T1199C"",""G1286A"",""A1323G"",""T1347C"",""C1364T"",""A1422C"",""T1450C"",""A1556G"",""C1601T"",""G1616T"",""T1630C"",""G1728A"",""A1734T""]"				"[""HA1:K54Q"",""HA1:T120A"",""HA1:P137S"",""HA1:K142R"",""HA1:A186T"",""HA1:Q189E"",""HA1:T216A"",""HA1:E224A"",""HA1:R259K"",""HA1:D260E"",""HA1:T277A"",""HA1:K308R"",""HA2:E29D"",""HA2:I45V"",""HA2:I91V"",""HA2:N124H"",""HA2:I133T"",""HA2:V193A""]"			45	0	0	0	0	0	18	0	0	0	1	5			good	good	nextstrain/flu/h1n1pdm/ha/MW626062	2025-09-09--12-13-13Z
ITpS_3V0_00180_004	81773_S_1_segment4	81773	81773	"[{""id"":""ITpS_3V0_00180_004"",""database"":""locus"",""submission_date"":""2025-09-23""}]"	2025-05-15	Brazil	Rio de Janeiro	Rio de Janeiro	Orthomyxoviridae	Alphainfluenzavirus	Alphainfluenzavirus influenzae	NPswab	Illumina	17266.0	NextSeq 1000	Hominidae	Homo	Homo sapiens							FluA		2025-09-23	NEEDIER-UFRJ	Av. Carlos Chagas Filho, 791 - Quadra F - Cidade Universitária, Rio de Janeiro - RJ, 21941-599	Laboratório de Virologia Molecular	Av. Prof. Rodolpho Paulo Rocco s/n - Prédio do CCS - Bl. A – Sala A2-123		Francine B. Schiffler, Cinthia F. Valdez, Amilcar Tanuri, Carolina M. Voloch	[]		restricted	HA	6B.1A.5a.2a.1	HA1	A				A	A	A		A	A	1,0	"[{""\""SigPep\"""":0.0},{""\""HA1\"""":0.0},{""\""HA2\"""":0.0}]"	good	"[""A3G"",""A4G"",""G170A"",""G209A"",""A231C"",""C281A"",""A293G"",""A429G"",""C480T"",""A491G"",""A496G"",""A542G"",""T620C"",""G627A"",""C636G"",""A662G"",""A717G"",""A742C"",""A827G"",""G847A"",""T851A"",""A900G"",""G950A"",""A968G"",""A994G"",""T1005C"",""A1010G"",""A1106C"",""G1139T"",""G1145A"",""A1185G"",""T1199C"",""G1286A"",""A1323G"",""T1347C"",""C1364T"",""T1450C"",""A1556G"",""C1601T"",""G1616T"",""T1630C"",""G1728A"",""A1734T""]"				"[""HA1:K54Q"",""HA1:T120A"",""HA1:P137S"",""HA1:K142R"",""HA1:A186T"",""HA1:Q189E"",""HA1:T216A"",""HA1:E224A"",""HA1:R259K"",""HA1:D260E"",""HA1:T277A"",""HA1:K308R"",""HA2:E29D"",""HA2:I45V"",""HA2:I91V"",""HA2:I133T"",""HA2:V193A""]"			43	0	0	0	0	0	17	0	0	0	1	3			good	good	nextstrain/flu/h1n1pdm/ha/MW626062	2025-09-09--12-13-13Z
ITpS_6hw_00181_004	81776_S_2_segment4	81776	81776	"[{""id"":""ITpS_6hw_00181_004"",""database"":""locus"",""submission_date"":""2025-09-23""}]"	2025-05-16	Brazil	Rio de Janeiro	Rio de Janeiro	Orthomyxoviridae	Alphainfluenzavirus	Alphainfluenzavirus influenzae	NPswab	Illumina	28062.0	NextSeq 1000	Hominidae	Homo	Homo sapiens							FluA		2025-09-23	NEEDIER-UFRJ	Av. Carlos Chagas Filho, 791 - Quadra F - Cidade Universitária, Rio de Janeiro - RJ, 21941-599	Laboratório de Virologia Molecular	Av. Prof. Rodolpho Paulo Rocco s/n - Prédio do CCS - Bl. A – Sala A2-123		Francine B. Schiffler, Cinthia F. Valdez, Amilcar Tanuri, Carolina M. Voloch	[]		restricted	HA	6B.1A.5a.2a.1	HA1	A				A	A	A		A	A	1,0	"[{""\""SigPep\"""":0.0},{""\""HA1\"""":0.0},{""\""HA2\"""":0.0}]"	good	"[""A3G"",""A4G"",""G170A"",""A231C"",""A293G"",""A408C"",""A429G"",""C480T"",""A496G"",""A542G"",""T620C"",""G627A"",""C636G"",""A662G"",""A717G"",""A742C"",""A827G"",""G847A"",""T851A"",""A900G"",""G950A"",""A968G"",""A994G"",""T1005C"",""A1010G"",""T1023C"",""A1052G"",""G1091A"",""A1106C"",""G1139T"",""G1145A"",""A1185G"",""T1199C"",""G1286A"",""A1323G"",""T1347C"",""C1364T"",""A1422C"",""T1450C"",""A1556G"",""C1601T"",""G1616A"",""T1630C"",""G1728A"",""A1734T""]"				"[""HA1:K54Q"",""HA1:T120A"",""HA1:P137S"",""HA1:K142R"",""HA1:A186T"",""HA1:Q189E"",""HA1:T216A"",""HA1:E224A"",""HA1:R259K"",""HA1:D260E"",""HA1:T277A"",""HA1:K308R"",""HA2:E29D"",""HA2:I45V"",""HA2:I91V"",""HA2:N124H"",""HA2:I133T"",""HA2:V193A""]"			45	0	0	0	0	0	18	0	0	0	0	3			good	good	nextstrain/flu/h1n1pdm/ha/MW626062	2025-09-09--12-13-13Z
ITpS_3bj_00187_004	81802_S_1_segment4	81802	81802	"[{""id"":""ITpS_3bj_00187_004"",""database"":""locus"",""submission_date"":""2025-09-23""}]"	2025-05-26	Brazil	Rio de Janeiro	Rio de Janeiro	Orthomyxoviridae	Alphainfluenzavirus	Alphainfluenzavirus influenzae	NPswab	Illumina	14530.0	NextSeq 1000	Hominidae	Homo	Homo sapiens							FluA		2025-09-23	NEEDIER-UFRJ	Av. Carlos Chagas Filho, 791 - Quadra F - Cidade Universitária, Rio de Janeiro - RJ, 21941-599	Laboratório de Virologia Molecular	Av. Prof. Rodolpho Paulo Rocco s/n - Prédio do CCS - Bl. A – Sala A2-124		Francine B. Schiffler, Cinthia F. Valdez, Amilcar Tanuri, Carolina M. Voloch	[]		restricted	HA	6B.1A.5a.2a.1	HA1	A				A	A	A		A	A	1,0	"[{""\""SigPep\"""":0.0},{""\""HA1\"""":0.0},{""\""HA2\"""":0.0}]"	good	"[""G170A"",""G209A"",""A231C"",""C281A"",""A293G"",""A429G"",""C480T"",""A491G"",""A496G"",""A542G"",""T620C"",""G627A"",""C636G"",""A662G"",""A717G"",""A742C"",""A827G"",""G847A"",""T851A"",""A900G"",""G950A"",""A968G"",""A994G"",""T1005C"",""A1010G"",""G1088T"",""A1106C"",""G1139T"",""G1145A"",""A1185G"",""T1199C"",""G1286A"",""A1323G"",""T1347C"",""C1364T"",""A1422C"",""T1450C"",""A1556G"",""C1601T"",""G1616T"",""T1630C"",""G1650A"",""G1728A"",""A1734T""]"				"[""HA1:K54Q"",""HA1:T120A"",""HA1:P137S"",""HA1:K142R"",""HA1:A186T"",""HA1:Q189E"",""HA1:T216A"",""HA1:E224A"",""HA1:R259K"",""HA1:D260E"",""HA1:T277A"",""HA1:K308R"",""HA2:E29D"",""HA2:I45V"",""HA2:I91V"",""HA2:N124H"",""HA2:I133T"",""HA2:V193A"",""HA2:V200I""]"			44	0	0	0	0	0	19	0	0	0	0	2			good	good	nextstrain/flu/h1n1pdm/ha/MW626062	2025-09-09--12-13-13Z
ITpS_ifN_00189_004	81807_S_1_segment4	81807	81807	"[{""id"":""ITpS_ifN_00189_004"",""database"":""locus"",""submission_date"":""2025-09-23""}]"	2025-05-27	Brazil	Rio de Janeiro	Rio de Janeiro	Orthomyxoviridae	Alphainfluenzavirus	Alphainfluenzavirus influenzae	NPswab	Illumina	2567.0	NextSeq 1000	Hominidae	Homo	Homo sapiens							FluA		2025-09-23	NEEDIER-UFRJ	Av. Carlos Chagas Filho, 791 - Quadra F - Cidade Universitária, Rio de Janeiro - RJ, 21941-599	Laboratório de Virologia Molecular	Av. Prof. Rodolpho Paulo Rocco s/n - Prédio do CCS - Bl. A – Sala A2-125		Francine B. Schiffler, Cinthia F. Valdez, Amilcar Tanuri, Carolina M. Voloch	[]		restricted	HA	6B.1A.5a.2a.1	HA1	A				A	A	A		A	A	0,9983	"[{""\""SigPep\"""":0.0},{""\""HA1\"""":0.0},{""\""HA2\"""":0.0}]"	good	"[""A3G"",""A4G"",""G170A"",""C215T"",""A231C"",""C281A"",""A293G"",""A429G"",""C480T"",""A496G"",""A542G"",""T620C"",""G627A"",""C636G"",""A662G"",""A717G"",""A742C"",""A827G"",""G847A"",""T851A"",""A900G"",""G950A"",""A968G"",""A994G"",""T1005C"",""A1010G"",""A1022G"",""A1106C"",""G1139T"",""G1145A"",""A1185G"",""T1199C"",""G1286A"",""A1323G"",""T1347C"",""C1364T"",""T1450C"",""A1556G"",""C1601T"",""G1616A"",""T1630C"",""G1728A"",""A1734T"",""A1746C""]"				"[""HA1:K54Q"",""HA1:T120A"",""HA1:P137S"",""HA1:K142R"",""HA1:A186T"",""HA1:Q189E"",""HA1:T216A"",""HA1:E224A"",""HA1:R259K"",""HA1:D260E"",""HA1:T277A"",""HA1:K308R"",""HA2:E29D"",""HA2:I45V"",""HA2:I91V"",""HA2:I133T"",""HA2:V193A""]"			44	0	0	0	3	0	17	0	0	0	1	5			good	good	nextstrain/flu/h1n1pdm/ha/MW626062	2025-09-09--12-13-13Z
ITpS_sCN_0018B_004	81809_S_2_segment4	81809	81809	"[{""id"":""ITpS_sCN_0018B_004"",""database"":""locus"",""submission_date"":""2025-09-23""}]"	2025-05-27	Brazil	Rio de Janeiro	Rio de Janeiro	Orthomyxoviridae	Alphainfluenzavirus	Alphainfluenzavirus influenzae	NPswab	Illumina	493.0	NextSeq 1000	Hominidae	Homo	Homo sapiens							FluA		2025-09-23	NEEDIER-UFRJ	Av. Carlos Chagas Filho, 791 - Quadra F - Cidade Universitária, Rio de Janeiro - RJ, 21941-599	Laboratório de Virologia Molecular	Av. Prof. Rodolpho Paulo Rocco s/n - Prédio do CCS - Bl. A – Sala A2-147		Francine B. Schiffler, Cinthia F. Valdez, Amilcar Tanuri, Carolina M. Voloch	[]		restricted	HA	6B.1A.5a.2a.1	HA1	A				A	A	A		A	A	1,0	"[{""\""SigPep\"""":0.0},{""\""HA1\"""":0.0},{""\""HA2\"""":0.0}]"	good	"[""A3G"",""A4G"",""G170A"",""A231C"",""A293G"",""A408C"",""A429G"",""C480T"",""A496G"",""A542G"",""T620C"",""G627A"",""C636G"",""A662G"",""A717G"",""A742C"",""A827G"",""G847A"",""T851A"",""A900G"",""G950A"",""A968G"",""A994G"",""T1005C"",""A1010G"",""T1023C"",""A1052G"",""G1091A"",""A1106C"",""G1139T"",""G1145A"",""A1185G"",""T1199C"",""G1286A"",""A1323G"",""T1347C"",""C1364T"",""A1412G"",""A1422C"",""T1450C"",""A1556G"",""C1601T"",""G1616A"",""T1630C"",""G1728A"",""A1734T""]"				"[""HA1:K54Q"",""HA1:T120A"",""HA1:P137S"",""HA1:K142R"",""HA1:A186T"",""HA1:Q189E"",""HA1:T216A"",""HA1:E224A"",""HA1:R259K"",""HA1:D260E"",""HA1:T277A"",""HA1:K308R"",""HA2:E29D"",""HA2:I45V"",""HA2:I91V"",""HA2:N124H"",""HA2:I133T"",""HA2:V193A""]"			46	0	0	0	0	0	18	0	0	0	0	4			good	good	nextstrain/flu/h1n1pdm/ha/MW626062	2025-09-09--12-13-13Z
ITpS_QRQ_0018C_004	81811_S_1_segment4	81811	81811	"[{""id"":""ITpS_QRQ_0018C_004"",""database"":""locus"",""submission_date"":""2025-09-23""}]"	2025-05-27	Brazil	Rio de Janeiro	Rio de Janeiro	Orthomyxoviridae	Alphainfluenzavirus	Alphainfluenzavirus influenzae	NPswab	Illumina	5176.0	NextSeq 1000	Hominidae	Homo	Homo sapiens							FluA		2025-09-23	NEEDIER-UFRJ	Av. Carlos Chagas Filho, 791 - Quadra F - Cidade Universitária, Rio de Janeiro - RJ, 21941-599	Laboratório de Virologia Molecular	Av. Prof. Rodolpho Paulo Rocco s/n - Prédio do CCS - Bl. A – Sala A2-126		Francine B. Schiffler, Cinthia F. Valdez, Amilcar Tanuri, Carolina M. Voloch	[]		restricted	HA	6B.1A.5a.2a.1	HA1	A				A	A	A		A	A	1,0	"[{""\""SigPep\"""":0.0},{""\""HA1\"""":0.0},{""\""HA2\"""":0.0}]"	good	"[""G1A"",""A3C"",""G170A"",""A231C"",""C281A"",""A293G"",""A357G"",""A429G"",""C480T"",""A496G"",""A542G"",""T620C"",""G627A"",""C636G"",""A662G"",""A717G"",""A742C"",""A827G"",""G847A"",""T851A"",""A900G"",""G950A"",""A968G"",""A994G"",""T1005C"",""A1010G"",""T1047C"",""G1091A"",""A1106C"",""G1139T"",""G1145A"",""A1185G"",""T1199C"",""G1286A"",""G1311A"",""A1323G"",""T1347C"",""C1364T"",""A1422C"",""T1450C"",""A1556G"",""C1601T"",""G1616T"",""T1630C"",""G1703A"",""G1728A"",""A1734T"",""A1748T""]"				"[""HA1:K54Q"",""HA1:I96V"",""HA1:T120A"",""HA1:P137S"",""HA1:K142R"",""HA1:A186T"",""HA1:Q189E"",""HA1:T216A"",""HA1:E224A"",""HA1:R259K"",""HA1:D260E"",""HA1:T277A"",""HA1:K308R"",""HA1:S326P"",""HA2:E29D"",""HA2:I45V"",""HA2:G87S"",""HA2:I91V"",""HA2:N124H"",""HA2:I133T"",""HA2:V193A""]"			48	0	0	0	0	0	21	0	0	0	1	7			good	good	nextstrain/flu/h1n1pdm/ha/MW626062	2025-09-09--12-13-13Z
ITpS_H2z_0018J_004	81883_S_2_segment4	81883	81883	"[{""id"":""ITpS_H2z_0018J_004"",""database"":""locus"",""submission_date"":""2025-09-23""}]"	2025-06-06	Brazil	Rio de Janeiro	Rio de Janeiro	Orthomyxoviridae	Alphainfluenzavirus	Alphainfluenzavirus influenzae	NPswab	Illumina	81182.0	NextSeq 1000	Hominidae	Homo	Homo sapiens							FluA		2025-09-23	NEEDIER-UFRJ	Av. Carlos Chagas Filho, 791 - Quadra F - Cidade Universitária, Rio de Janeiro - RJ, 21941-599	Laboratório de Virologia Molecular	Av. Prof. Rodolpho Paulo Rocco s/n - Prédio do CCS - Bl. A – Sala A2-132		Francine B. Schiffler, Cinthia F. Valdez, Amilcar Tanuri, Carolina M. Voloch	[]		restricted	HA	6B.1A.5a.2a.1	HA1	A				A	A	A		A	A	1,0	"[{""\""SigPep\"""":0.0},{""\""HA1\"""":0.0},{""\""HA2\"""":0.0}]"	good	"[""A3G"",""A4G"",""G170A"",""A231C"",""C281A"",""A293G"",""A429G"",""C480T"",""A491G"",""A496G"",""A542G"",""T620C"",""G627A"",""C636G"",""G650A"",""A662G"",""A717G"",""A742C"",""A827G"",""G847A"",""T851A"",""A900G"",""G950A"",""A968G"",""A994G"",""T1005C"",""A1010G"",""G1100A"",""A1106C"",""G1139T"",""G1145A"",""A1185G"",""T1199C"",""G1286A"",""C1317T"",""A1323G"",""T1347C"",""C1364T"",""A1422C"",""T1450C"",""A1556G"",""C1601T"",""G1616T"",""T1630C"",""G1728A"",""A1734T""]"				"[""HA1:K54Q"",""HA1:T120A"",""HA1:P137S"",""HA1:K142R"",""HA1:A186T"",""HA1:Q189E"",""HA1:T216A"",""HA1:E224A"",""HA1:R259K"",""HA1:D260E"",""HA1:T277A"",""HA1:K308R"",""HA2:E29D"",""HA2:I45V"",""HA2:I91V"",""HA2:N124H"",""HA2:I133T"",""HA2:V193A""]"			46	0	0	0	0	0	18	0	0	0	0	4			good	good	nextstrain/flu/h1n1pdm/ha/MW626062	2025-09-09--12-13-13Z
ITpS_am6_0019a_004	224_SW_S_4	224_SW	224_SW	"[{""id"":""ITpS_am6_0019a_004"",""database"":""locus"",""submission_date"":""2025-10-07""}]"	2025-04-07	Brazil	Amazonas	Manaus	Orthomyxoviridae	Alphainfluenzavirus	Alphainfluenzavirus influenzae	NPswab	Illumina	68815.0	NextSeq 1000	Hominidae	Homo	Homo sapiens							Not Informed		2025-10-07	Fundação de Medicina Tropical Dr. Heitor Vieira Dourado	Av. Pedro Teixeira, s/n - Dom Pedro, Manaus - AM, 69040-000	Departamento de Ensino e Pesquisa - DENPE	Av. Pedro Teixeira, 25 - Dom Pedro, Manaus - AM, 69040-000 - Prédio UPCCB - 3 andar		Wuelton M. Monteiro.  Maria P. G. Mourão, Felipe G. L. Murta, Joabi R. Nascimento, Jady S. M. Cordeiro	[]		restricted	HA	6B.1A.5a.2a	HA1	A				A	A	A		A	A	1,0	"[{""\""SigPep\"""":0.0},{""\""HA1\"""":0.0},{""\""HA2\"""":0.0}]"	good	"[""C64T"",""G170A"",""A231C"",""G311A"",""T318C"",""T320C"",""G338T"",""A429G"",""A567G"",""A576C"",""T620C"",""G627A"",""C636G"",""A742C"",""A784G"",""G847A"",""A968G"",""A992G"",""A994G"",""A1019G"",""T1023C"",""A1058G"",""A1106C"",""T1199C"",""A1323G"",""T1347C"",""T1373C"",""C1385T"",""C1442T"",""T1600C"",""C1601T"",""T1610C"",""T1611C"",""G1616A"",""A1646G"",""T1688C"",""C1739A"",""C1752T""]"	"[""8-9""]"	"[""0:GG""]"		"[""HA1:K54Q"",""HA1:S83P"",""HA1:T120A"",""HA1:I166V"",""HA1:K169Q"",""HA1:A186T"",""HA1:Q189E"",""HA1:E224A"",""HA1:D238G"",""HA1:R259K"",""HA1:K308R"",""HA2:I91V"",""HA2:I183T"",""SigPep:A15V""]"			38	2	2	0	0	0	14	0	0	0	1	2			good	good	nextstrain/flu/h1n1pdm/ha/MW626062	2025-09-09--12-13-13Z
ITpS_OMK_0019o_004	266_SW_S_4	266_SW	266_SW	"[{""id"":""ITpS_OMK_0019o_004"",""database"":""locus"",""submission_date"":""2025-10-07""}]"	2025-05-13	Brazil	Amazonas	Manaus	Orthomyxoviridae	Alphainfluenzavirus	Alphainfluenzavirus influenzae	NPswab	Illumina	210.0	NextSeq 1000	Hominidae	Homo	Homo sapiens							Not Informed		2025-10-07	Fundação de Medicina Tropical Dr. Heitor Vieira Dourado	Av. Pedro Teixeira, s/n - Dom Pedro, Manaus - AM, 69040-000	Departamento de Ensino e Pesquisa - DENPE	Av. Pedro Teixeira, 25 - Dom Pedro, Manaus - AM, 69040-000 - Prédio UPCCB - 3 andar		Wuelton M. Monteiro.  Maria P. G. Mourão, Felipe G. L. Murta, Joabi R. Nascimento, Jady S. M. Cordeiro	[]		restricted	HA	6B.1A.5a.2a.1	HA1	A				A	A	A		A	A	0,9595	"[{""\""SigPep\"""":0.0},{""\""HA1\"""":0.0},{""\""HA2\"""":0.0}]"	good	"[""G170A"",""C281A"",""A293G"",""A429G"",""C480T"",""A491G"",""A496G"",""A542G"",""T620C"",""G627A"",""C636G"",""A662G"",""A717G"",""A742C"",""A827G"",""G847A"",""T851A"",""C890T"",""A900G"",""G950A"",""A968G"",""A994G"",""T1005C"",""A1010G"",""C1036T"",""A1106C"",""G1139T"",""G1145A"",""A1185G"",""T1199C"",""G1286A"",""C1317T"",""A1323G"",""T1347C"",""C1364T"",""A1422C"",""T1450C"",""A1556G"",""C1601T"",""G1616T"",""T1630C"",""G1728A"",""A1729C"",""T1730A"",""T1732C"",""A1740G""]"	"[""1738-1739""]"	"[""1727:AGC""]"		"[""HA1:T120A"",""HA1:P137S"",""HA1:K142R"",""HA1:A186T"",""HA1:Q189E"",""HA1:T216A"",""HA1:E224A"",""HA1:R259K"",""HA1:D260E"",""HA1:T277A"",""HA1:K308R"",""HA1:P322L"",""HA2:E29D"",""HA2:I45V"",""HA2:I91V"",""HA2:N124H"",""HA2:I133T"",""HA2:V193A""]"			46	2	3	0	71	0	18	0	0	15	1	7			good	good	nextstrain/flu/h1n1pdm/ha/MW626062	2025-09-09--12-13-13Z
ITpS_3Hk_0019s_004	294_SW_S_4	294_SW	294_SW	"[{""id"":""ITpS_3Hk_0019s_004"",""database"":""locus"",""submission_date"":""2025-10-07""}]"	2025-05-26	Brazil	Amazonas	Manaus	Orthomyxoviridae	Alphainfluenzavirus	Alphainfluenzavirus influenzae	NPswab	Illumina		NextSeq 1000	Hominidae	Homo	Homo sapiens							Not Informed		2025-10-07	Fundação de Medicina Tropical Dr. Heitor Vieira Dourado	Av. Pedro Teixeira, s/n - Dom Pedro, Manaus - AM, 69040-000	Departamento de Ensino e Pesquisa - DENPE	Av. Pedro Teixeira, 25 - Dom Pedro, Manaus - AM, 69040-000 - Prédio UPCCB - 3 andar		Wuelton M. Monteiro.  Maria P. G. Mourão, Felipe G. L. Murta, Joabi R. Nascimento, Jady S. M. Cordeiro	[]		restricted	HA	6B.1A.5a.2a.1	HA1	A				A	A	A		A	A	0,9903	"[{""\""SigPep\"""":0.0},{""\""HA1\"""":0.0},{""\""HA2\"""":0.0}]"	good	"[""G170A"",""A231C"",""C281A"",""A293G"",""A429G"",""C480T"",""A491G"",""A496G"",""T513C"",""A542G"",""T620C"",""G627A"",""C636G"",""A662G"",""A710G"",""A717G"",""A742C"",""A827G"",""G847A"",""T851A"",""A900G"",""G950A"",""A968G"",""A994G"",""T1005C"",""A1010G"",""A1106C"",""C1118T"",""G1139T"",""G1145A"",""A1185G"",""T1199C"",""G1286A"",""C1317T"",""A1323G"",""T1347C"",""C1364T"",""A1422C"",""T1450C"",""A1556G"",""C1601T"",""G1616T"",""T1630C"",""A1716T"",""A1720C"",""T1731A"",""A1736C"",""T1738G""]"	"[""1728-1730""]"			"[""HA1:K54Q"",""HA1:T120A"",""HA1:P137S"",""HA1:K142R"",""HA1:A186T"",""HA1:Q189E"",""HA1:T216A"",""HA1:E224A"",""HA1:R259K"",""HA1:D260E"",""HA1:T277A"",""HA1:K308R"",""HA2:E29D"",""HA2:I45V"",""HA2:I91V"",""HA2:N124H"",""HA2:I133T"",""HA2:V193A"",""HA2:I222F""]"			48	3	0	0	17	0	19	0	0	0	1	7			good	good	nextstrain/flu/h1n1pdm/ha/MW626062	2025-09-09--12-13-13Z
ITpS_so0_001JR_004	82212_S_1_segment4	82212	82212	"[{""id"":""ITpS_so0_001JR_004"",""database"":""locus"",""submission_date"":""2026-03-17""}]"	2025-11-17	Brazil	Rio de Janeiro	Rio de Janeiro	Orthomyxoviridae	Alphainfluenzavirus	Alphainfluenzavirus influenzae	NPSwab	Illumina	15831.0	NextSeq 1000	Hominidae	Homo	Homo sapiens							FluA	No	2026-03-17	NEEDIER-UFRJ	Av. Carlos Chagas Filho, 791 - Quadra F - Cidade Universitária, Rio de Janeiro - RJ, 21941-599	Laboratório de Virologia Molecular	Av. Prof. Rodolpho Paulo Rocco s/n - Prédio do CCS - Bl. A – Sala A2-121		Francine B. Schiffler, Cinthia F. Valdez, Amilcar Tanuri, Carolina M. Voloch	[]		restricted	HA	6B.1A.5a.2a.1	HA1	A				A	A	A		A	A	1,0	"[{""\""SigPep\"""":0.0},{""\""HA1\"""":0.0},{""\""HA2\"""":0.0}]"	good	"[""A3G"",""A4G"",""G170A"",""A231C"",""C281A"",""A293G"",""G409A"",""A429G"",""T446A"",""G471A"",""C480T"",""A491G"",""A496G"",""A542G"",""T620C"",""G627A"",""C636G"",""A662G"",""A717G"",""A742C"",""A827G"",""G847A"",""T851A"",""G891A"",""A900G"",""G950A"",""A968G"",""A994G"",""T1005C"",""A1010G"",""A1106C"",""G1139T"",""G1145A"",""A1185G"",""T1199C"",""G1286A"",""C1317T"",""A1323G"",""T1347C"",""C1364T"",""A1415G"",""A1422C"",""T1450C"",""A1556G"",""C1601T"",""G1616T"",""T1630C"",""G1728A"",""A1734T""]"				"[""HA1:K54Q"",""HA1:R113K"",""HA1:T120A"",""HA1:N125K"",""HA1:A134T"",""HA1:P137S"",""HA1:K142R"",""HA1:A186T"",""HA1:Q189E"",""HA1:T216A"",""HA1:E224A"",""HA1:R259K"",""HA1:D260E"",""HA1:D274N"",""HA1:T277A"",""HA1:K308R"",""HA2:E29D"",""HA2:I45V"",""HA2:I91V"",""HA2:N124H"",""HA2:I133T"",""HA2:V193A""]"			49	0	0	0	0	0	22	0	0	0	0	7			good	good	nextstrain/flu/h1n1pdm/ha/MW626062	2025-09-09--12-13-13Z
